"Identificador de la publicación","Identificador de la cuenta","Nombre de usuario de la cuenta","Nombre de la cuenta",Descripción,"Duración (segundos)","Hora de publicación","Enlace permanente","Tipo de publicación","Comentario sobre los datos",Fecha,Visualizaciones,Alcance,"Me gusta","Veces que se compartió",Seguimientos,Comentarios,"Veces que se guardó"
18187495276348479,17841401399780830,maquiempanadas,"Máquina de empanadas - Maquiempanadas","Que nunca falten motivos para celebrar, ni empanadas para compartir ✨🥟
Feliz 2026

#Feliz2026 #Celebrar #Empanadas #Tradición #BuenComer #FoodVibes #NuevoComienzo",0,"01/03/2026 06:15",https://www.instagram.com/p/DTDTC3LDz0Q/,"Imagen de Instagram",,Total,2254,1422,7,0,0,0,0
17961452561881017,17841401399780830,maquiempanadas,"Máquina de empanadas - Maquiempanadas","🔥🥟 Así fue para muchos la mejor época del año:
amasar, rellenar, cortar y empacar…
amasar, rellenar, cortar y empacar.

Con la cocina encendida y la mirada puesta en cerrar el año como se debe: aprovechando cada pedido y la oportunidad de vender. 💪✨

En @latradicionempandas lo entendieron perfecto. Delicias ecuatorianas, empanadas de yuca y de plátano verde,

Porque cómo terminas el año también dice mucho de cómo empiezas el siguiente.
Y estas historias inspiran a ir por más. 💭🔥

#EmpanadasEcuatorianas #MachalaEcuador #EmpanadasDeYuca #EmpanadasDePlatanoVerde #NegociosDeComida #EmprendimientoEcuador #IdeasDeNegocio #VentaDeEmpanadas #FoodBusiness #Inversiones2026 #Negocios2026",56,"01/01/2026 07:02",https://www.instagram.com/reel/DS-Ov0WFLf1/,"Reel de Instagram",,Total,4922,3834,41,15,4,6,9
17910855708457652,17841401399780830,maquiempanadas,"Máquina de empanadas - Maquiempanadas",,31,"08/25/2026 08:52",https://www.instagram.com/reel/Dcd_l47xLgU/,"Reel de Instagram",,Total,849,631,35,2,3,3,6
17953190178234861,17841401399780830,maquiempanadas,"Máquina de empanadas - Maquiempanadas","En vivo 19 de Agosto",2526,"08/19/2026 12:49",https://www.instagram.com/reel/DcO-f8rjHdo/,"Reel de Instagram",,Total,836,534,22,2,3,9,4
18082139945670283,17841401399780830,maquiempanadas,"Máquina de empanadas - Maquiempanadas","¡Familia Maquiempanadas, tenemos una cita! 🤩🥟

Este **miércoles 19 de agosto a las 2:00 p. m. (hora Colombia)** nos encontramos en nuestro **En Vivo** para compartir, aprender y conocer más de cerca nuestras máquinas y su funcionamiento. ⚙️✨

📲 Síguenos y conéctate:
Instagram: **@maquiempanadas**
TikTok: **@maquiempanadas**

¡Los esperamos! ❤️🥟
Guarden la fecha, activen el recordatorio y únanse a la familia Maquiempanadas en vivo. 🔥

#Maquiempanadas #EnVivo #FamiliaMaquiempanadas #Maquinaria #Empanadas Producción Emprendimiento",44,"08/18/2026 10:32",https://www.instagram.com/reel/DcMJ2STR1sJ/,"Reel de Instagram",,Total,1075,840,26,6,5,4,5
17891414613672813,17841401399780830,maquiempanadas,"Máquina de empanadas - Maquiempanadas",,17,"08/18/2026 07:46",https://www.instagram.com/reel/DcL27-oRBpc/,"Reel de Instagram",,Total,865,646,17,0,0,0,4
18153519589500446,17841401399780830,maquiempanadas,"Máquina de empanadas - Maquiempanadas","✨ Hay un sonido que todo empanadero quiere escuchar: ¡CRUNCH!

En @tastycrunchy, ese primer bocado no habla solo de una empanada crocante. Habla de una buena masa, un proceso bien cuidado, un empaque pensado para conservar la frescura y del trabajo de los que ponen el corazón a cada detalle. 

Requiere de mucha técnica, llegar a la casa de muchos clientes y lograr el crunch del primer mordisco. 😋

🥟💛

#Maquiempanadas #TastyCrunchy #Empanadas #Arepas #EmpanadasDeMaíz #ProductosCongelados #Emprendedores #NegocioGastronómico #FoodBusiness #ProducciónDeAlimentos #VentaDeEmpanadas #SaborLatino #CocinaLatina #Emprender #IndustriaAlimentaria #HechoConCalidad",21,"08/09/2026 07:00",https://www.instagram.com/reel/Db0moOhjY79/,"Reel de Instagram",,Total,4093,3145,33,5,0,1,11
17984265966024072,17841401399780830,maquiempanadas,"Máquina de empanadas - Maquiempanadas","🌽🥟 Una buena receta alimenta a una familia. Una receta compartida puede ayudar a construir cientos de negocios. ❤️

@julissacgs no solo comparte recetas. También ayuda a que más emprendedores aprendan a producir mejor, cuidar la calidad y convertir esa pasión en un negocio. Enseñar también es compartir experiencia, herramientas y esos trucos que hacen la diferencia en cada empanada.

Gracias, Julissa,  Admiramos a quienes creen que el conocimiento también se comparte y demostrar que enseñar también es una forma de hacer crecer la gastronomía. 🙌❤️

#Maquiempanadas #Empanadas #Arepas #EmpanadasPerfectas #Emprendedores #Gastronomía #FoodBusiness #ClasesEmpanadas #MaquinaDeArepas #ProducciónDeAlimentos #RecetasTradicionales #CocinaLatina #Emprender #VentaDeEmpanadas #IdeasDeNegocio #Maíz #Emprendimientos",35,"08/07/2026 14:01",https://www.instagram.com/reel/DbwNI2njW-4/,"Reel de Instagram",,Total,2258,1872,24,6,1,0,9
18384354490205620,17841401399780830,maquiempanadas,"Máquina de empanadas - Maquiempanadas","🥟 ¿10.000 empanadas al día? ¡Suena a una LOCURA! 😱

@empanar.oficial nos demuestra que producir miles de empanadas sí es posible. Con técnica, planificación, experiencia, talento y el equipo indicado, se puede responder a una gran demanda sin que el proceso se vuelva agotador ni pierda rentabilidad.

Porque crecer no es trabajar el doble. Es encontrar la manera de hacer las cosas mejor. ❤️

¿Cuántas empanadas produces al día? ¡Te leemos en los comentarios! 👇

🥟⚙️❤️

#MaquinaParaHacerEmpanadas #Empanadas #EmpanadasColombianas #ProducciónDeAlimentos #Emprendedores #NegocioGastronómico #FoodBusiness #VentaDeEmpanadas #EmpanadasParaVender #Arepas #CocinaProfesional #IdeasDeNegocio #Emprender #NegocioDeComidas  #FabricaciónDeAlimentos",42,"08/05/2026 17:14",https://www.instagram.com/reel/DbrZtNEFSVo/,"Reel de Instagram",,Total,1679,1288,31,2,2,0,10
18458050096189066,17841401399780830,maquiempanadas,"Máquina de empanadas - Maquiempanadas","🚨 ¡Tenemos una noticia que muchos estaban esperando! 🚨

Ahora adquirir tu máquina de MaquiEmpanadas es mucho más fácil. 🙌

💳 ¡Ya puedes pagar con Addi!

Empieza a producir más, optimiza tu negocio y paga en cuotas de una forma rápida y sencilla.

Porque hacer crecer tu emprendimiento no debería detenerse por la forma de pago. 💛

📲 Escríbenos y conoce cómo financiar la máquina que tu negocio necesita.

#MaquiEmpanadas #Addi #Financiación #Emprendedores #NegociosColombia MaquinariaIndustrial Empanadas EmprendeConMaquiEmpanadas",23,"08/03/2026 11:40",https://www.instagram.com/reel/Dblp4OEh7Dn/,"Reel de Instagram",,Total,2405,1664,42,9,5,1,8
18082826603290900,17841401399780830,maquiempanadas,"Máquina de empanadas - Maquiempanadas","🥟Una empanada de lechona lejos de casa, debe saber todavía mejor.

Cuando estás lejos, estos sabores se vuelven especiales. Y quien logra prepararlos bien, termina ganándose un lugar en el corazón de sus clientes en cualquier parte del mundo. 

En @masdeliciasusa lo saben muy bien. Elaboran empanadas congeladas y las distribuyen al por mayor, para conquistar corazones en grande, teniendo presente que para producir grandes cantidades, la calidad no puede depender de la suerte, requiere confianza e inversión.

Cuando las cosas se hacen bien, las fronteras dejan de ser un límite 🥟

#Maquiempanadas #EmpanadasDeLechona #EmpanadasColombianas #Lechona #SaborColombiano #ColombianosEnUSA #ProductosCongelados #Mayoristas #Gastronomía #FoodBusiness #NegocioGastronómico #Emprendedores #ProducciónDeAlimentos #VentaDeEmpanadas #EmpanadasParaVender",20,"08/01/2026 07:09",https://www.instagram.com/reel/DbgBSfplN36/,"Reel de Instagram",,Total,4279,3201,61,4,1,6,5
18045397622801546,17841401399780830,maquiempanadas,"Máquina de empanadas - Maquiempanadas","Las preguntas que más nos hacen antes de comprar, respondidas sin rodeos. 🎥

Si estás evaluando automatizar tu producción, esto te ahorra tiempo (y dudas).

¿Tienes una pregunta que no está aquí? Escríbenosla en comentarios y la respondemos.

📩 Cotiza o agenda tu asesoría — link en bio.",70,"07/30/2026 12:28",https://www.instagram.com/reel/DbbcCrpNCW0/,"Reel de Instagram",,Total,2677,1753,41,5,4,4,8
18116712907714889,17841401399780830,maquiempanadas,"Máquina de empanadas - Maquiempanadas","🥟🍋 Hay cosas que solo una empanada de maíz colombiana logra.

Ver caer unas gotas de limón sobre esa crocancia dorada... y de inmediato se hace agua la boca. 🤤

Las empanadas colombianas no tienen pierde. Ese olor, ese sabor y esa textura despiertan recuerdos que son difíciles de explicar. Nos llevan a la esquina del barrio, a una reunión en familia o a ese lugar donde siempre habían buenas empanadas esperándonos.

@masdeliciasusa, han demostrando que las recetas de siempre también pueden cruzar fronteras... 

#MaquinaParaHacerEmpanadas #Empanadas #NegocioDeEmpanadas #RentabilidadComida #IdeaDeNegocio #IngredientesQueRinden #MaquinaDeArepas #MaquinaDeEmpanadas #MaquinaDePatacones #EmpanadasDeColombia #RecetaEmpanadas #EmpanadasCongeladas",10,"07/30/2026 07:09",https://www.instagram.com/reel/Dba3s_BFeFv/,"Reel de Instagram",,Total,1417,1098,7,0,0,0,0
18010291277939992,17841401399780830,maquiempanadas,"Máquina de empanadas - Maquiempanadas","Te presentamos la nueva CM05i 🔧

No es solo una máquina más rápida. Es tu producción, evolucionada.

Laminado y armado en un solo ciclo. Acero inoxidable 304, diseñado para no parar. Y desde tu celular, ves cada unidad que sale — en tiempo real, estés donde estés.

Maíz, morocho, plátano o trigo. Empanadas, arepas, pasteles y más, sin cambiar de equipo.
Hecha para negocios que no pueden darse el lujo de improvisar.

👉 Cotiza tu CM05i — link en bio.

#Maquiempanadas #CM05i #MaquinariaAlimentaria #EmpanadasIndustriales #ProduccionEficiente NegocioDeAlimentos MaquinasParaEmpanadas Emprendimiento",0,"07/28/2026 09:00",https://www.instagram.com/p/DbV62-Nkezd/,"Secuencia de Instagram",,Total,4039,1860,39,4,0,7,8
18080735849302568,17841401399780830,maquiempanadas,"Máquina de empanadas - Maquiempanadas","Las empanadas artesanales están de moda… pero no todas cuentan la misma historia. 🥟❤️ 

En @empanadaspassttora cada empanada nace desde cero. La masa, el relleno y las recetas tradicionales se preparan con el cuidado de quien entiende que un buen producto empieza mucho antes de llegar a las manos del cliente. 

Porque las mejores empanadas no se hacen solas. Se construyen con la receta yel proceso que permite la calidad siempre sea la misma. 

¿Y tú? ¿Cual es la historia de las empanadas de tu negocio? Cuéntanos en los comentarios. 👇

#Maquiempanadas #EmpanadasArtesanales #Empanadas #Arepas #Gastronomía #Emprendedores #NegocioGastronómico #FoodBusiness #RecetasTradicionales #ComidaPeruana #EmpanadasArgentinas #HechoAMano #MaquinaDeHacerEmpanadas #ProducciónDeAlimentos #Emprender #CocinaProfesional #IdeasDenegocio",22,"07/28/2026 08:00",https://www.instagram.com/reel/DbVz80rD4fZ/,"Reel de Instagram",,Total,1638,1318,14,1,2,0,4
18384804277206088,17841401399780830,maquiempanadas,"Máquina de empanadas - Maquiempanadas","🤔🥟 ¿Sabes por qué hay productos que siempre saben igual de bien?

@manoscriollasusa nos abre las puertas de su proceso para demostrar que detrás de cada empanada hay organización, calidad y un método pensado para mantener ese sabor que ha conquistado clientes en todo Estados Unidos. ✨

Mostrar cómo haces las cosas genera confianza. Es decirle a tus clientes: ""Estamos preparados para cumplir con la calidad y el tiempo que prometemos."" 💪

Ese compromiso es lo que ha permitido a @manoscriollasusa crecer y realizar envíos a todo USA sin perder la esencia de su producto.

En Maquiempanadas nos sentimos orgullosos de acompañar a quienes han hecho de sus procesos una garantía de calidad para sus empanadas, arepas y muchos otros productos.

📩 Escríbenos y descubre cómo hacer de tu producción una garantía para tus clientes.

🥟❤️

#Maquiempanadas #ManosCriollasUSA #Empanadas #Arepas #Emprendedores #NegocioDeComidas #IndustriaAlimentaria #FoodBusiness #ProducciónDeAlimentos #Gastronomía #ComidaLatina #MaquinaDeEmpanadas #EmpanadasColombianas #ProduccionDeEmpanadas #NegocioPropio",30,"07/26/2026 12:14",https://www.instagram.com/reel/DbRHbbtgvPF/,"Reel de Instagram",,Total,3542,2827,41,17,3,0,6
18154383469499803,17841401399780830,maquiempanadas,"Máquina de empanadas - Maquiempanadas","Del proceso al plato: así trabaja @tastycrunchy.usa  cada empanada. Masa, sellado y empaque cuidados al detalle. 🌽✨

#TastyCrunchy #EmpanadasDeMaiz #SaborLatino #HechoConAmor #MaquinaDeEmpanadas #Maquiempanadas",21,"07/24/2026 00:01",https://www.instagram.com/reel/DbKp7RmjgtL/,"Reel de Instagram",,Total,4592,3566,51,5,0,0,10
17956680585188613,17841401399780830,maquiempanadas,"Máquina de empanadas - Maquiempanadas","Detrás de cada máquina que enviamos a cualquier rincón del mundo, hay una historia que empezó hace más de 15 años en un cuaderno de apuntes. 📝✨
No fue un camino fácil… El primer año no vendimos nada, pero mantuvimos intacta la convicción de que nuestra tecnología transformaría la vida de miles de emprendedores, con el apoyo del Fondo Emprender del SENA y la mira puesta en grandes metas, cruzamos fronteras, llegamos a ferias en Estados Unidos, superamos los exigentes estándares de la FDA y demostramos la calidad de la ingeniería colombiana.
Hoy celebramos más de 4,000 máquinas en 42 países, más de 10 patentes internacionales y el orgullo inmenso de ser el aliado perfecto de los latinos que trabajan imparables en Nueva York, Florida, Texas y más allá, para sacar a sus familias adelante. 🇨🇴🌎
Gracias por confiar en Maquiempanadas y por permitirnos llevar el sabor y la tradición de nuestra comida a todos los rincones del planeta. 💛💙❤️
Si quieres ser parte de esta historia, ¡síguenos! Y comparte este video con ese familiar o amigo en el exterior que sueña con tener su propio negocio. 📲
.
.
.
.
#Maquiempanadas #HistoriaDeExito #EmprendedoresLatinos #OrgulloColombiano #FondoEmprender LatinosEnElExterior ComidaLatina MaquinariaIndustrial",95,"07/23/2026 08:55",https://www.instagram.com/reel/DbJCA7WRvdG/,"Reel de Instagram",,Total,4914,3521,208,34,74,15,20
17861246826660153,17841401399780830,maquiempanadas,"Máquina de empanadas - Maquiempanadas","Así se ven las empanadas de queso de @pastelitoschips  saliendo en serie. Producción impecable. 🧀🔥

#Pastelitoschips #EmpanadasDeQueso #Empanadas #ProducciónArtesanal #MaquinaDeEmpanadas #Maquiempanadas",23,"07/20/2026 14:00",https://www.instagram.com/reel/DbB2xVvgRB6/,"Reel de Instagram",,Total,5865,4469,35,9,2,7,10
18472213243106789,17841401399780830,maquiempanadas,"Máquina de empanadas - Maquiempanadas","Cuando la operación no para, se nota. Ritmo, disciplina y toda la actitud de @missempanadas_ 🔥

#MissEmpanadas #Empanadas #ProducciónSinParar #AlegríaFiestaEIlusión #MaquinaDeEmpanadas #Maquiempanadas",23,"07/18/2026 17:00",https://www.instagram.com/reel/Da9BzafjeXz/,"Reel de Instagram",,Total,5359,3840,48,12,4,2,18
18169103788451943,17841401399780830,maquiempanadas,"Máquina de empanadas - Maquiempanadas","🚀 ¿Listo para llevar tu producción al siguiente nivel? 🥟⚙️

En MAQUIEMPANADAS tenemos la solución ideal para hacer crecer tu negocio.

📍 ¡Visítanos y conoce nuestras máquinas en funcionamiento!
📞 llámanos para darte mas información
📲 O Escríbenos por WhatsApp y recibe asesoría personalizada de nuestro equipo: +573206945548
👉 https://wa.link/6kjhqz

🎥 Descubre más videos y casos reales aquí:
👉 https://maquiempanadas.com/videos-fotos/

✨ ¡Tenemos envíos a nivel mundial! 💼🌎",34,"07/17/2026 06:34",https://www.instagram.com/reel/Da5VMxQR-JK/,"Reel de Instagram",,Total,2558,1870,56,17,10,4,20
18007589000930401,17841401399780830,maquiempanadas,"Máquina de empanadas - Maquiempanadas","Con oficio, con paciencia, sin atajos. Esta se la ganaron, @andinalatinfoods Andina Latin Foods",9,"07/15/2026 09:00",https://www.instagram.com/reel/Da0cejAD64g/,"Reel de Instagram",,Total,3877,2291,41,5,1,2,8
18025066040666823,17841403064415694,roycocinaprofesional,"Roy Cocina Profesional","¿Vale la pena “arreglar” una masa o es mejor desecharla? 🧐 Cuando manejas grandes volúmenes para un negocio, un error en la textura puede costarte clientes.
En este Reel te hablo de:
✔️ Por qué la masa vieja o refrigerada tarda en absorber agua.
✔️ El impacto de los niveles de proteína en el trigo y maíz.
✔️ Las 3 herramientas básicas: Pesar ingredientes, controlar tiempos de reposo y vigilar las temperaturas óptimas (15-20°C para maíz, 8-12°C para trigo). ¡Guarda este post para tu próxima tanda! 👇
Sígueme para no perderte ningún tip de cocina y déjame tus dudas en los comentarios.
#ChefTips #InstaFoodie #Empanadas #SecretosDeCocina #GastronomiaLatina",426,"07/01/2026 14:20",https://www.instagram.com/reel/DaQ9cxJSB2g/,"Reel de Instagram",,Total,2838,1972,69,17,33,3,0
18106521427953538,17841401399780830,maquiempanadas,"Máquina de empanadas - Maquiempanadas","Una máquina diseñada para empanadas, dándole forma a chuletas de cerdo. Así de versátil es.

Esta semana recibimos a Medecarnes, una empresa que sabe lo que es servicio y calidad. Trabajamos juntos para optimizarles el proceso y entregarle al cliente el producto exacto que necesita.

Gracias, Juan, por la confianza.

Medecarnes y Maquiempanadas: transformando la comida latina.

¿Su producto también podría salir de aquí? Escríbanos.

#Maquiempanadas #Medecarnes #MaquinariaIndustrial #IndustriaCárnica #ProducciónIndustrial",22,"06/19/2026 07:54",https://www.instagram.com/reel/DZxYMTGEYs1/,"Reel de Instagram",,Total,2164,1646,25,0,1,2,2
18110485651930134,17841401399780830,maquiempanadas,"Máquina de empanadas - Maquiempanadas","!Gracias #alimentec, gracias #Colombia 🇨🇴 y gracias a todos nuestros clientes por hacer de la comida latina un eslogan que nos representa! 🥟🫓
#maquiempanadas transformando la comida latina!",103,"06/12/2026 17:17",https://www.instagram.com/reel/DZgWZpftCwW/,"Reel de Instagram",,Total,2710,2255,54,11,1,2,10
17870989851534690,17841401399780830,maquiempanadas,"Máquina de empanadas - Maquiempanadas","Mientras el mundo se prepara para vivir la pasión del fútbol, en Canadá también se juega otro partido: el del emprendimiento.

Felicitamos a Colombian Street Food Toronto por seguir llevando el sabor de nuestras empanadas a más personas cada día. 🇨🇦🥟

Nos alegra ver cómo la tradición latinoamericana sigue creciendo, ahora con más productividad, consistencia y capacidad para atender la demanda.

¡Muchos éxitos en esta nueva etapa y que sigan llegando más goles... y más empanadas! ⚽

#Canada #Toronto #Empanadas #ColombianStreetFood #LatinFood #FoodBusiness #Emprendedores #EmprendimientoLatino #HechoConOrgullo #Maquiempanadas #FoodEntrepreneur #StreetFood #FIFAWorldCup #WorldCup2026 #SoccerSeason",13,"06/11/2026 05:27",https://www.instagram.com/reel/DZchBc_kwmN/,"Reel de Instagram",,Total,8384,5417,75,39,3,5,15
18109040534487725,17841401399780830,maquiempanadas,"Máquina de empanadas - Maquiempanadas","Todavía estamos aquí. Pabellón 3, Stand 530. 👀

Día 2 y esto no para — vea pues.

Si no ha venido, todavía está a tiempo.",15,"06/10/2026 15:18",https://www.instagram.com/reel/DZa_7TciPMa/,"Reel de Instagram",,Total,2710,2006,34,7,2,3,0
18098505521143721,17841401399780830,maquiempanadas,"Máquina de empanadas - Maquiempanadas","Nos gusta la gente que hace las cosas bien. 🥩🔥
Carne angus, hecha en casa, sin atajos. No coma cuento, coma carne. 😎
📹 @laburguesa 
#ComidaDeVerdad #Angus #Emprender #Burgers #LaBurguesa",22,"06/09/2026 19:01",https://www.instagram.com/reel/DZY0qddksiH/,"Reel de Instagram",,Total,4462,3324,38,12,1,4,9
18100805105032036,17841401399780830,maquiempanadas,"Máquina de empanadas - Maquiempanadas","Cuando la producción tiene su propio ritmo. 🥟🔥
Chiquipum, chiquipum, chiquipum. 🎉
📹 @cuenta_original
#Empanadas #Maquiempanadas #Empanadas #ParaTi",23,"06/09/2026 16:00",https://www.instagram.com/reel/DZYf9qvjIMn/,"Reel de Instagram",,Total,4324,2685,45,31,4,3,18
17871989001618505,17841401399780830,maquiempanadas,"Máquina de empanadas - Maquiempanadas","Ya estamos en Corferias. 🏭

Alimentec 2026 — hoy arranca nuestro primer día y aquí estamos con todo.

📍 Pabellón 3 · Nivel 1 · Stand 530

La CM05i en vivo: 1.600 empanadas por hora, y toda la información de producción directo a su celular desde donde esté.

Si está en el evento, nos vemos allá.

#Alimentec2026 #Maquiempanadas #CM05i #Corferias #MaquinariaIndustrial #Empanadas",28,"06/09/2026 14:44",https://www.instagram.com/reel/DZYXMKujfuN/,"Reel de Instagram",,Total,2115,1584,42,2,1,2,4
18089174390062778,17841401399780830,maquiempanadas,"Máquina de empanadas - Maquiempanadas","Hay historias que no se fabrican. Se resisten. 🫓
Date Gourmet nació en Panamá 🇵🇦, renació en Estados Unidos 🇺🇸 y hoy late en la Isla de Margarita 🇻🇪. Tres comienzos desde cero. Una pandemia. Una migración. Y siempre las mismas recetas cruzando fronteras. ✈️
""Me pueden quitar el local, el país… lo que sé hacer, no."" 💪
Cuando compras aquí no compras comida. Apoyas a alguien que decidió no rendirse. ❤️

📍 @dategourmet 
#DateGourmet #Resistencia #HechoConLasManos #Empanadas #Pastelitos #EmprenderSinRendirse #IslaDeMargarita #SaborQueResiste",103,"06/09/2026 12:30",https://www.instagram.com/reel/DZYH0-mAKig/,"Reel de Instagram",,Total,2302,1695,58,19,4,12,10
18146046349508407,17841401399780830,maquiempanadas,"Máquina de empanadas - Maquiempanadas","Ya inició nuestra feria de Alimentec

 Datos para visitarnos:
📍 Feria: Alimentec 2026
📍 Lugar: Corferias Bogotá
📍 Stand: Pabellón 3, Nivel 1 - Stand 530
📅 Fecha: 9 al 12 de junio de 2026
📞 llámanos 3206945548",30,"06/09/2026 10:50",https://www.instagram.com/reel/DZX8Z6XhUeK/,"Reel de Instagram",,Total,1686,1404,24,2,5,4,1
18439237696137692,17841401399780830,maquiempanadas,"Máquina de empanadas - Maquiempanadas","Después de más de 15 años ayudando a productores de empanadas en Colombia y el mundo, volvemos a encontrarnos en la feria más importante de la industria alimentaria.

Si estás buscando aumentar producción, mejorar la estandarización de tus empanadas o llevar tu negocio al siguiente nivel, queremos mostrarte cómo lo están haciendo cientos de empresas que ya producen con Maquiempanadas.

📅 Desde mañana, 9 de junio
📍 Alimentec 2026
🏢 Pabellón 3 – Stand 530

Ven a conocer nuestras máquinas, resolver tus dudas y ver de cerca cómo producir empanadas perfectas de forma más rápida y consistente.

Te esperamos en Corferias, Bogotá.

#Alimentec2026 #Maquiempanadas #Empanadas #IndustriaAlimentaria #ProcesamientoDeAlimentos #FoodBusiness #Bogotá #Corferias #AutomatizaciónAlimentaria #EmprendimientoAlimentario #ProducciónDeEmpanadas",0,"06/08/2026 14:11",https://www.instagram.com/p/DZVuos5nxe_/,"Imagen de Instagram",,Total,3533,2138,13,2,1,0,3
18594404071059430,17841401399780830,maquiempanadas,"Máquina de empanadas - Maquiempanadas","Nosotros también llamamos ""ensaladas"" a esto 🥗🫔

@empanadas_delujo  sabe de lo que habla.

#Empanadas #Maquiempanadas",28,"06/06/2026 14:01",https://www.instagram.com/reel/DZQj3miAFc3/,"Reel de Instagram",,Total,3732,2678,31,11,1,1,10
17854223076679271,17841401399780830,maquiempanadas,"Máquina de empanadas - Maquiempanadas","🚨 Faltan 5 días para Alimentec 2026.
Si tienes más de un punto de producción, sabes lo que cuesta no saber qué está pasando en cada uno.
La CM05i te muestra tu producción en vivo desde el celular. Sin llamadas. Sin depender de nadie.
📍 Pabellón 3 · Stand 530 · Corferias, Bogotá
📅 9 al 12 de junio
#Alimentec2026 #Maquiempanadas #CM05i #FábricaDeEmpanadas #IndustriaAlimentaria #Empanadas",0,"06/04/2026 14:04",https://www.instagram.com/p/DZLawDXDZci/,"Imagen de Instagram",,Total,2983,1887,8,0,0,0,1
18536452489076295,17841401399780830,maquiempanadas,"Máquina de empanadas - Maquiempanadas","Dos sedes y abriendo de lunes a lunes. 🔥
Eso no es suerte, es sabor zuliano que no para.

Felicitaciones, @elverdaderosaborzulianousa — bien pueh. 🇻🇪",44,"06/02/2026 14:00",https://www.instagram.com/reel/DZGQqW-FLtA/,"Reel de Instagram",,Total,3948,3010,42,18,3,4,3
18125177821723303,17841401399780830,maquiempanadas,"Máquina de empanadas - Maquiempanadas","Sabor criollo en Florida. 🌽🇻🇪🇨🇴

Felicitaciones a @tastycrunchy.usa — eso se llama hacerlo bien.",48,"05/30/2026 14:00",https://www.instagram.com/reel/DY-iRDFnRfv/,"Reel de Instagram",,Total,3067,2335,44,13,0,0,15
18089901227162124,17841401399780830,maquiempanadas,"Máquina de empanadas - Maquiempanadas","Eso es orgullo empanadero. 🌽
Cuando el producto habla solo, el negocio ya ganó.
Felicitaciones a @tastycrunchy.usa 🇺🇸",29,"05/29/2026 08:01",https://www.instagram.com/reel/DY7UTq9ATwS/,"Reel de Instagram",,Total,3887,2847,37,12,2,0,5
18083384258435877,17841401399780830,maquiempanadas,"Máquina de empanadas - Maquiempanadas","¿Te imaginas tener en tu negocio una sola máquina capaz de producir arepas, empanadas, pasteles, patacones, aborrajados y papas rellenas con diferentes tipos de masa? 😱 

¡El sueño de todo negocio gastronómico hecho realidad!
Sabemos que dar el paso hacia la automatización es una gran decisión y que el presupuesto a veces nos hace esperar un poco más de la cuenta. Por eso, tenemos una gran noticia para todos los emprendedores y empresarios en Estados Unidos. 🇺🇸✨ con Affirm.
¡A partir de ahora contamos con opciones de crédito! Ya no tienes que aplazar el crecimiento de tu empresa ni esperar meses para optimizar tu producción, puedes llevarte tu Maquiempanadas con la mayor facilidad de pago y empezar a multiplicar tus ganancias desde el primer día.
¡El momento de hacer crecer tu negocio es ahora! 

Escribe o llama a nuestro WhatsApp (+57) 3206945548 para darte todos los detalles y ayudarte a solicitar tu crédito. 📲⚙️
.
.
.
.
.
.
.
#Maquiempanadas #CreditoParaNegocios #EmprendedoresLatinos #NegociosGastronomicos #AutomatizacionDeAlimentos ComidaLatina LatinosEnUSA Financiamiento",31,"05/26/2026 12:26",https://www.instagram.com/reel/DY0D5wQOcIY/,"Reel de Instagram",,Total,15236,10561,323,139,182,118,127
18116895181692134,17841401399780830,maquiempanadas,"Máquina de empanadas - Maquiempanadas","Esto es lo que pasa cuando la dedicación se vuelve producto. 🫔

Felicitamos a @empanadas.vallunas  por llevar el sabor del Valle a cada mesa — aborrajados, marranitas, papas rellenas y empanadas hechas con la identidad que las hace inconfundibles.

Orgullo verlos crecer. 🇨🇴",21,"05/24/2026 13:00",https://www.instagram.com/reel/DYu-m-fjvc4/,"Reel de Instagram",,Total,3219,2347,38,7,1,2,9
18013336607890533,17841401399780830,maquiempanadas,"Máquina de empanadas - Maquiempanadas","¿Ese sonido? Felicidad pura. 🫓🔥
Qué orgullo ver a Cachapas y Mas  produciendo así en Nueva York — para esto construimos las máquinas.

That sound? Pure happiness. 🇻🇪🔥
So proud of @cachapasymas  frying up perfection in New York — this is exactly why we do what we do.

📍 107 Dyckman St & 678 Seneca Ave, NY — vayan ya.

#Cachapas #ComidaVenezolana #NewYork #MaquiEmpanadas #FoodProduction #LatinoFood",30,"05/22/2026 12:01",https://www.instagram.com/reel/DYpuNlxASrv/,"Reel de Instagram",,Total,10142,7189,96,27,3,5,29
17875342152479373,17841401399780830,maquiempanadas,"Máquina de empanadas - Maquiempanadas","​¿Tu cocina te está quitando dinero en lugar de dártelo? 💸🥘
​
Muchos dueños de negocios de empanadas creen que el desorden o la falta de stock es “normal” por el crecimiento. No lo es. Es falta de eficiencia. 📉
​
Si has tenido que rechazar eventos grandes por falta de manos, o si un empleado falta y tu producción se detiene, no tienes un negocio, tienes una dependencia. ¿Cuánto dinero estás dejando sobre la mesa por no estandarizar? 😫🔥

​Identificar estas señales es el primer paso. El segundo es automatizar. 

Con Maquiempanadas tomas el control total:

✅ Calidad uniforme (siempre el mismo tamaño).
✅ Producción imparable (con o sin personal clave).
✅ Números claros (sabes exactamente cuánto produces y ganas).
​
¿Cuántas señales marcaste? Déjalo en los comentarios🚀👇",43,"05/21/2026 12:20",https://www.instagram.com/reel/DYnLloAM-g4/,"Reel de Instagram",,Total,2221,1723,39,4,5,1,4
18585857596006161,17841401399780830,maquiempanadas,"Máquina de empanadas - Maquiempanadas","**Caption:**

Empanadas colombianas conquistando el Carnaval de San Francisco 🎉
¡Qué orgullo ver a @bokaditos brillando en la People's Cup este fin de semana — vayan a apoyarlos!

Colombian empanadas taking over SF Carnival 🇨🇴🔥
So proud of @bokaditos_latynos_ca  representing at the People's Cup this weekend — go show them some love!

#SFCarnival #PeoplesCup #Empanadas #MaquiEmpanadas #ComidaLatina #SanFrancisco",16,"05/21/2026 07:16",https://www.instagram.com/reel/DYmo1rgFStb/,"Reel de Instagram",,Total,2243,1811,20,1,1,1,1
17884601808399050,17841401399780830,maquiempanadas,"Máquina de empanadas - Maquiempanadas","Alimentec 2026 🎪
9-12 de junio | Pabellón 3, Nivel 1, Stand 530
La CM05i en vivo:
⚡ 1.600 empanadas/hora
📲 Control desde el celular
🫓 Sin cambio de masa
Venga, mire, toque.
👉 Dejenos sus datos y le conseguimos la entrada (válido hasta el 1 de junio).
@alimenteclatam  Alimentec Anuga Select Colombia 
#Alimentec2026 #Maquiempanadas #CM05i #HORECA #IndustriaAlimentaria #Bogotá Ver menos",30,"05/13/2026 05:37",https://www.instagram.com/reel/DYR3KGEDrP1/,"Reel de Instagram",,Total,3086,2338,56,15,10,6,11
17884317681396204,17841401399780830,maquiempanadas,"Máquina de empanadas - Maquiempanadas","​¿Tu cocina te está quitando dinero en lugar de dártelo? 💸🥘
​
Muchos dueños de negocios de empanadas creen que el desorden o la falta de stock es “normal” por el crecimiento. No lo es. Es falta de eficiencia. 📉
​
Si has tenido que rechazar eventos grandes por falta de manos, o si un empleado falta y tu producción se detiene, no tienes un negocio, tienes una dependencia. ¿Cuánto dinero estás dejando sobre la mesa por no estandarizar? 😫🔥

​Identificar estas señales es el primer paso. El segundo es automatizar. 

Con Maquiempanadas tomas el control total:

✅ Calidad uniforme (siempre el mismo tamaño).
✅ Producción imparable (con o sin personal clave).
✅ Números claros (sabes exactamente cuánto produces y ganas).
​
¿Cuántas señales marcaste? Déjalo en los comentarios🚀👇",31,"05/12/2026 14:40",https://www.instagram.com/reel/DYQQU-8RN8o/,"Reel de Instagram",,Total,2395,1825,54,19,4,32,10
18094508242919563,17841401399780830,maquiempanadas,"Máquina de empanadas - Maquiempanadas","Así se ve el trabajo bien hecho. 💛💙❤️
Empanadas venezolanas de maíz pilao, hechas desde cero en Miami, con molino tradicional y nueve rellenos diferentes. Cada una cuesta lo que vale: esfuerzo, técnica y sabor real.
Negocios como este nos recuerdan por qué la comida latina sigue conquistando el mundo.
Felicitaciones por mantener la tradición viva y por no bajarle a la calidad. Eso es lo que construye marca. 🫓✨
📍 Miami | 🇻🇪 Sabor auténtico | 💪 Hecho con orgullo
@mistercorndoral @gabrielaromero11 

#EmpanadasVenezolanas #MaízPilao #ComidaVenezolana #Miami #EmprendimientoLatino #SaborAuténtico #TrabajoHonesto #ComidaLatina #NegocioConAlma #OrgulloLatino #FoodBusiness #VenezolanosEnMiami #CalidadSinAtajos",35,"05/11/2026 08:07",https://www.instagram.com/reel/DYM-sWulbzO/,"Reel de Instagram",,Total,10389,7447,209,104,8,6,88
18411263494183277,17841401399780830,maquiempanadas,"Máquina de empanadas - Maquiempanadas","¿Lo sacaron adelante a punta de empanadas? 🫓
Este año no le regale flores. Regálele tiempo.
300 unidades por hora. Ella dirige, la máquina trabaja. ⚙️
Este día de la madre, devuélvale el favor. ❤️
👉 Link en bio.
#DíaDeLaMadre #MamáEmprendedora #Empanadas #MujeresEmpresarias #Maquiempanadas",16,"05/09/2026 07:52",https://www.instagram.com/reel/DYHzdoWiVOu/,"Reel de Instagram",,Total,14107,9418,232,69,104,120,47
18104566828753394,17841401399780830,maquiempanadas,"Máquina de empanadas - Maquiempanadas","​¿Tu negocio de empanadas no crece porque la producción manual te tiene frenado? 🥟📉
​
Contratar más personal parece la solución, pero solo trae más gastos fijos, nóminas altas y el riesgo de que la calidad no sea constante. 💸
​
El cansancio acumulado y ver cómo tus utilidades se van en sueldos mientras tu producción sigue limitada a lo que unas manos pueden hacer... es frustrante. ¡Y ni hablar de los imprevistos! 😫🔥
​
Con la tecnología de Maquiempanadas, automatizas tu éxito. 🚀
✅ Un solo pago.
✅ De 300 a 500 empanadas por hora.
✅ Recuperas tu inversión en solo 8 meses con el ahorro en insumos y mano de obra

Comparte este video a quien mas lo necesite!!",31,"05/06/2026 16:12",https://www.instagram.com/reel/DYA-DyitN4X/,"Reel de Instagram",,Total,2825,2147,57,12,5,11,6
18106753126730807,17841401399780830,maquiempanadas,"Máquina de empanadas - Maquiempanadas","Hay detalles que marcan la diferencia desde el primer bocado 🤤
El equilibrio entre una masa bien trabajada 🌽 y una fritura en su punto logra esa textura que todos buscan 🥟
Cuando se cuida cada etapa, el resultado se siente.

Felicitaciones al equipo de Empanarica por mantener ese nivel 👏

#Empanadas #ComidaVenezolana
#NegocioDeComida #FoodBusiness
#MaquinaDeEmpanadas #ProduccionDeAlimentos
#Maquiempanadas",38,"04/26/2026 19:01",https://www.instagram.com/reel/DXnhqlXjUrh/,"Reel de Instagram",,Total,3578,2859,32,5,2,4,8
18349421404212003,17841401399780830,maquiempanadas,"Máquina de empanadas - Maquiempanadas","Cuando el producto está bien pensado, se nota 🤤
Esta empanada de pabellón 🥟 —carne mechada 🥩, queso 🧀 y tajada 🍌— es una combinación que conecta desde el primer momento.
Sabor, presentación y claridad en la propuesta.

Eso no pasa por casualidad.
Felicitaciones al equipo de Pasteles Edward USA por lo que están construyendo 👏

#Empanadas #PabellonVenezolano
#NegocioDeComida #FoodBusiness
#MaquinaDeEmpanadas #ProduccionDeAlimentos
#Maquiempanadas",0,"04/24/2026 03:01",https://www.instagram.com/p/DXgqLRsDItZ/,"Secuencia de Instagram",,Total,17087,10527,135,82,40,29,57
17930883960069449,17841448623525837,manoscriollasusa,"Manos Criollas usa","La conocí en octubre de 2021. La llevé del apartamento al garaje y a cada mudanza hasta convertirla en el corazón de mi pequeña fábrica. Más que una máquina, fue mi socia: siempre estuvo ahí, empujándome a producir, sin pedir nada a cambio. 

Hoy gran parte del mérito es de esas personas y de su equipo; gracias a su transparencia y respaldo la máquina nunca me ha fallado y hasta llegó a mi familia en Venezuela. Es una solución fiable tanto para quien empieza como para quien ya tiene un negocio establecido. 

Gracias, Maquiempanadas,por acompañarme desde el primer día y por ayudarme a llegar hasta aquí.”",39,"04/15/2026 14:28",https://www.instagram.com/reel/DXKtblGAcrK/,"Reel de Instagram",,Total,198669,136786,4767,1716,789,589,0
17970971310033387,17841401399780830,maquiempanadas,"Máquina de empanadas - Maquiempanadas","La empanada es cultura, es madrugada, es esfuerzo.

Hoy celebramos a los que la hacen posible every single day.

Feliz Día de la Empanada 🫔

¿Conocías la Estatua de la Empanada?

#DíaDeLaEmpanada #Empanada #Empanadas #EmpanadasColombianas #Maquiempanadas #NegocioDeEmpanadas #EmprendimientoGastronómico #FoodBusiness #MaquinariaAlimentaria #HechoEnColombia",22,"04/08/2026 04:02",https://www.instagram.com/reel/DW3kddNiN35/,"Reel de Instagram",,Total,4572,3345,90,9,6,4,10
18132024940478374,17841401399780830,maquiempanadas,"Máquina de empanadas - Maquiempanadas","Tener una mamá latina es esto 😂

No te deja terminar la frase. Te cuelga el teléfono. Te regaña la pinta. Y tú ahí, aguantando 😩

Pero igual es la primera que llamas cuando el evento fue un éxito 🥹

@delorigen , te entendemos. Los gritos, el voice note ignorado, la actitud… y aun así, ahí vas, con la producción corriendo al fondo y dos eventos cumplidos en el mismo día 💪🏼

Eso es ser emprendedora latina. Y eso no tiene precio ❤️

¿Tu negocio tiene historias así? Eso es exactamente lo que queremos contar. Escríbenos.

---

#MamáLatina #EmprendedoraLatina #HistoriasQueInspiran #NegociosReales #EmprendeConPropósito #Empanadas #ContenidoAuténtico #Maquiempanadas #MaquinaDeEmpanadas #DeLoOrigen",60,"03/31/2026 14:02",https://www.instagram.com/reel/DWkCshpiGtQ/,"Reel de Instagram",,Total,5507,3907,62,15,10,1,17
18131297158558330,17841401399780830,maquiempanadas,"Máquina de empanadas - Maquiempanadas","Volar solo por empanadas.

Eso no se inventa.

La señora vino a Miami, no a turistear. Vino a buscar las de Yayita. 
El muchacho dice: La masa delgadita, el toque dulce, lo que ninguna otra tiene.

Cuando tu producto genera ese nivel de lealtad, ya no necesitas convencer a nadie.

Felicitaciones a @empanadasyayita  por construir algo así 🙌

¿Quieres que tus clientes hablen así de tu negocio? Eso se trabaja. Escríbenos.

---

#EmpanadasyYayita #HistoriasQueInspiran #NegociosReales #EmprendeConPropósito #Empanadas #MarketingDeContenidos #ContenidoAuténtico #Maquiempanadas #MaquinaDeEmpanadas #Miami #Florida",52,"03/30/2026 14:01",https://www.instagram.com/reel/DWhd2SUCcXZ/,"Reel de Instagram",,Total,2948,2392,27,2,3,3,3
17889840747329385,17841401399780830,maquiempanadas,"Máquina de empanadas - Maquiempanadas","Una niña vendiendo empanadas en el recreo.

Hoy, muchos años después, Luncheria Yusmila despacha hasta 2.500 empanadas los fines de semana. Con más de 70 sabores. Y la gente eligiendo sus propias combinaciones.

Así empieza casi todo lo que vale la pena.

Gracias a la señora Yusmila y a su hija por abrirnos las puertas y contarnos su historia 🫶

¿Tienes un negocio con una historia así? Cuéntanosla. Eso es exactamente lo que queremos mostrar.
@luncheriayusmila @pedidosya.vzla
---

#HistoriasQueInspiran #LuncheriaYusmila #NegociosReales #EmprendeConPropósito #Empanadas #MarcaPersonal #MarketingDeContenidos #ContenidoAuténtico #Maquiempanadas #MaquinaDeEmpanadas",57,"03/29/2026 14:01",https://www.instagram.com/reel/DWe5EotgYsS/,"Reel de Instagram",,Total,3640,2937,50,34,3,0,11
17889960966333386,17841401399780830,maquiempanadas,"Máquina de empanadas - Maquiempanadas","Cuando empezamos a trabajar con Andina, esto no existía.

Hoy tienen 7 variedades, tallas familiar y coctelero, una página web con portafolio completo… y un mensaje de marca que habla de origen y dedicación.

Eso no pasa solo.

Felicitaciones al equipo de @andinalatinfoods  Andina Latin Foods  por lo construido 🥟

¿Tienes un negocio de alimentos y quieres construir algo así? Escríbenos, trabajamos contigo.

---
#maquinadeempanadas 
#Maquiempanada #MarketingAlimentos #PyMEsColombia #CrecimientoDigital #CasoDeÉxito #MarketingB2C #NegociosDeAlimentos #Empanadas",53,"03/29/2026 06:03",https://www.instagram.com/reel/DWeCUCVCpHK/,"Reel de Instagram",,Total,17101,12596,327,191,123,20,152
18083990354261908,17841401399780830,maquiempanadas,"Máquina de empanadas - Maquiempanadas","Conoce cuál el secreto para tener 4 tiendas Iguana en Manizales. @laiguanacafe.co",1328,"03/03/2026 07:30",https://www.instagram.com/reel/DVbWdHgjSjf/,"Reel de Instagram",,Total,3810,2859,55,5,7,4,4
18144842002476172,17841401399780830,maquiempanadas,"Máquina de empanadas - Maquiempanadas","Visualiza esto:
A ti llevándote en tu carro la herramienta que puede transformar tu sueño en producción real.

¿Te inspira? A nosotros sí.
Porque trabajamos todos los días para que cada emprendedor logre más de lo que imaginó.

Hoy Empanadas Yoli da un paso más. Mañana puede ser tu negocio el que esté creciendo.

📦 Hacemos envíos a todo el país y al mundo.
🏭 O visítanos en nuestra planta en Manizales.

📩 Déjanos tus datos y te asesoramos para elegir la máquina ideal para tu negocio… y de una vez vemos si te cabe en el carro 😉🚘

#Maquiempanadas #EmpanadasYoli #ComidaAnolaima #EmprendedoresColombianos #NegociosDeComida #EmpanadasColombianas
#ProducciónInteligente #IndustriaAlimentaria",20,"03/02/2026 18:45",https://www.instagram.com/reel/DVZ-9KYlOgx/,"Reel de Instagram",,Total,3719,2741,52,7,9,36,7
17877757704481561,17841401399780830,maquiempanadas,"Máquina de empanadas - Maquiempanadas","Si estás pensando en automatizar tu negocio de empanadas, este en vivo es para usted.
Hoy mostramos la CM05i en acción: producción, rendimiento, alertas y analítica — todo en tiempo real.
Resuélvase las dudas antes de decidir.",5087,"02/19/2026 08:29",https://www.instagram.com/reel/DU8jvPeDUA8/,"Reel de Instagram",,Total,4012,2501,138,43,40,75,34
17935253652174347,17841401399780830,maquiempanadas,"Máquina de empanadas - Maquiempanadas","¿Cuánto tiempo y plata estás perdiendo haciendo empanadas a mano?Hoy a las 10 a.m. (hora Colombia) te mostramos en vivo la CM05i: la máquina que optimiza tu producción, te da alertas en tiempo real y te muestra exactamente cuánto estás produciendo.Sin rodeos. Sin vendedero. Solo la máquina funcionando.🔴 En vivo por Instagram — hoy 19 de feb, 10 a.m.
👉 Activa el recordatorio y conéctate.",0,"02/19/2026 03:25",https://www.instagram.com/p/DU8Az5eAIZ7/,"Imagen de Instagram",,Total,2541,1573,9,1,1,5,2
17928192447083736,17841401399780830,maquiempanadas,"Máquina de empanadas - Maquiempanadas","❤️ ¿Has probado el sabor del amor?

Dicen que el amor se siente… pero también se saborea.

Está en esos momentos simples: en la pausa del día, en la risa compartida, en esa empanada caliente que divides con alguien especial.

Somos muchos los que amamos las empanadas, pero más que eso…amamos lo que representan: encuentros, historias, miradas cómplices y recuerdos que se quedan.

Tal vez no lo habías pensado,pero seguro recuerdas esa vez que compartiste una empanadita con tu crush, con tu pareja o con alguien que te hizo sonreír diferente.

Ahí estaba.
El sabor del amor. ❤️

Feliz Día de San Valentín.
Que nunca falten los momentos para compartir… ni las empanadas.

#AmorPorLaEmpanada #ComidaSanvalentin #ComidaRomantica #IdeasDeNegocio #Empanadas #NegocioDeEmpanadas #RecetaEmpanadas #VenderEmpanadas",0,"02/14/2026 13:51",https://www.instagram.com/p/DUwQpQ7ksvV/,"Imagen de Instagram",,Total,2234,1483,12,0,0,2,3
18093486071074496,17841401399780830,maquiempanadas,"Máquina de empanadas - Maquiempanadas","Por la compra de tu máquina Maquiempanadas, llévate el molde en forma de corazón sin costo.💛
(También disponible para compra individual)

⚠️ Y no… no esperes a que se acaben.

No esperes para innovar en el mundo de la masa. Porque muchas veces no cambia la receta… cambia la forma.
Y lo visual también enamora (y vende) 😏🥟

En febrero el amor está en el aire, pero también en las vitrinas.
Un detalle diferente puede hacer que te elijan a ti.

No dejes que la competencia sea más romántica que tú 💘
Conviértete en el cupido de tus clientes y haz que tu negocio también se enamore… de vender más.

📩 Contáctanos y te asesoramos para elegir la referencia de máquina que mejor funciona para tu negocio.

#EmpandasParaSanValentin #EmpanadasConForma #MoldeParaEmpanadas #MaquinaDeEmpanadas #ideasDeNegocio #ComidaLatina #EmpanadasColombianas #MaquinaDePatacones #MaquinaDeArepas",16,"02/12/2026 16:54",https://www.instagram.com/reel/DUrb7H_Ae_k/,"Reel de Instagram",,Total,3876,2685,47,23,15,28,13
18058001138359685,17841401399780830,maquiempanadas,"Máquina de empanadas - Maquiempanadas","❤️Por la compra de cualquier máquina Maquiempanadas, recibe sin costo el molde corazón.
(El molde también se vende por separado)

Si ese las empanadas es lo que mas se vende, la pregunta no es si se vende, sino cómo te diferencias dentro de esos millones.

Diferenciarse no siempre es hacer algo complicado. A veces es entender el momento, la emoción y la ocasión. San Valentín, Navidad, fechas especiales… son oportunidades para ofrecer algo distinto a una pequeña parte de ese mercado gigante.

Vendes sabor y un momento que se recuerda.

📩 Déjanos tus datos

Te asesoramos para elegir la máquina ideal y te incluimos el molde de ❤️ durante febrero.

#MaquinaDeEmpanadas #Empanadas #IdeaDeNegocio #Emprendimientos #EmprendimientosLatinos #EmpanadasSanValentin #EmpanadasEnFormadeCorazon",19,"02/10/2026 13:33",https://www.instagram.com/reel/DUl7WhOiV5l/,"Reel de Instagram",,Total,3406,2648,33,8,5,8,5
17866931577474847,17841401399780830,maquiempanadas,"Máquina de empanadas - Maquiempanadas","😏 ¿Fácil? Fácil tu ex…
Porque levantar una empresa de verdad no tiene nada de fácil.

En @antojosyempanadas lo que hoy se ve (producción organizada, calidad constante y productos en supermercados) es el resultado de años de esfuerzo, decisiones difíciles y una visión clara que nunca se soltó. 💼🥟

Aquí nada fue magia:
fue trabajo, constancia y entender que para crecer hay que pensar en sabor, sí…
pero también en rentabilidad, distribución y procesos bien hechos.

Lo fácil dura poco. Lo que se construye con cabeza y carácter, se sostiene. 🔥

Porquecuando el negocio se toma en serio, los resultados hablan solos.

#Emprendimiento #EmpanadasCongeladas #InsumosParaEmpanadas #InsumosPanadería #MaquinaParaHacerEmpanadas #IdeasParaEmpresarios",6,"02/09/2026 16:13",https://www.instagram.com/reel/DUjo66_lRa1/,"Reel de Instagram",,Total,5154,2663,27,11,1,4,12
18101867437843245,17841401399780830,maquiempanadas,"Máquina de empanadas - Maquiempanadas","❤️Este mes, por la compra de cualquier máquina Maquiempanadas, recibe GRATIS el molde en forma de corazón.
✨ También disponible para compra por separado.

Seamos honestos… estas empanadas quedan hermosas. 😍 Llaman la atención, se comparten, se fotografían y se recuerdan.

Y ahí está la oportunidad:
No estás vendiendo solo sabor. Estás vendiendo un momento, un detalle, una experiencia que conecta con emociones. Eso, en marketing, es lo que hace que un producto se destaque y se venda mejor. 💡📈

Mientras ellos regalan amor, 💼 tu negocio gana visibilidad, valor y más ventas. Porque los detalles diferentes no solo enamoran: también venden, en San Valentín y en cualquier época del año.

Con este molde puedes convertirte en el Cupido de tus clientes 🏹🥟 ayudándolos a conquistar con su sabor… y con tu producto.

⚠️ Unidades limitadas durante febrero.

#SanValentin #EmpanadasCorazon #ComidaSanValentin #MoldesParaEmpanadas #IdeasDeNegocio #IdeasDeEmpanadas #MaquinaParaHacerEmpanadas #EmpanadasSanValentin",20,"02/07/2026 14:05",https://www.instagram.com/reel/DUeQkiYAGLk/,"Reel de Instagram",,Total,3794,2884,28,13,3,4,6
18209437132318971,17841401399780830,maquiempanadas,"Máquina de empanadas - Maquiempanadas","💙 MOLDE EN FORMA DE CORAZÓN GRATIS 💙

Por la compra de cualquier máquina, llévate un molde en forma de corazón totalmente GRATIS
📅 Válido durante febrero

Las oportunidades ya están hechas… y San Valentín está cada vez más cerca 💘
Imagínate a tus clientes recibiendo una cajita llena de empanadas en forma de corazón, perfectas para regalar, sorprender y enamorar.

Porque… ¿para qué rosas, si una empanada también conquista el corazón? 🥟❤️

Esta es tu oportunidad de conectar con tus clientes desde el sabor, diferenciarte y vender con emoción.

Sabemos que has pensado en mejorar tu negocio, en invertir en tu máquina…

✨ ¿Y si estrenas en una fecha que habla de amor y detalles?
Aunque seamos sinceros: estas empanadas enamoran cualquier día del año 😍

🚀 Contáctanos y haz que tu negocio se quede en el corazón de tus clientes.

#SanValentín #Empanadas #NegociosDeComida #Emprendedores #Restaurantes #CocinasProductivas #EmprenderConAmor #FoodBusiness #MaquinariaParaRestaurantes",0,"02/04/2026 17:24",https://www.instagram.com/p/DUW5FTqEk6q/,"Imagen de Instagram",,Total,3124,1941,15,6,2,6,2
18561598897050543,17841401399780830,maquiempanadas,"Máquina de empanadas - Maquiempanadas","Llevar la lechona a otro continente no es solo llevar un sabor… es llevar una tradición completa ❤️

Las empanadas de lechona de @amparosmadrid2001 hablan por sí solas:
✨ forma pareja
✨ color perfecto
✨ crujientes por fuera, jugosas por dentro

De lejos se nota la calidad. Y de cerca, el amor con el que se hace cada una.

Porque cuando el sabor es tan nuestro, la meta no es solo que sepan bien,
sino que siempre salgan igual de bien.

Así es como los latinos construimos ideas que cruzan fronteras 🌍🥟

#EmpanadasDeLechona #LechonaTolimense #ColombiaEnMadrid #LatinosEnMadrid #EmpanadasColombianas #NegocioComidaColombiana #MaquinaParaEmpanadas #CortadoraMasa #MasaParaEmpanadas",52,"02/01/2026 15:20",https://www.instagram.com/reel/DUO8ZAYDbL4/,"Reel de Instagram",,Total,6418,4902,56,62,5,3,30
18308476618254760,17841473480353153,maiztrillao.col,"🌽 TRILLA'O 🥟","¿300 empanadas en una hora? 😳🥟
Sí… no es magia (es un ayudante nuevo 😏⚙️).

Gracias a eso somos mucho más rápidos, más organizados y más eficientes,
para que tú no tengas que esperar cuando el antojo pega duro 🤤",30,"01/26/2026 09:46",https://www.instagram.com/reel/DT-5WhHjuNh/,"Reel de Instagram",,Total,3125,2172,46,50,9,2,0
18077780900357914,17841401399780830,maquiempanadas,"Máquina de empanadas - Maquiempanadas","Hay amores que saben a pollo 🍗
otros a carne 🥩
otros a queso 🧀

Pero todos tienen algo en común: Te alegran el día desde el primer mordisco 🥟✨

Porque no es solo una empanada o una papa rellena… es ese momentico que huele a hogar, que suena a cronch y que siempre sabe igual de bien.

En @deliciasycronch el amor se trabaja todos los días, para que cada producto conserve ese sabor que reconforta, el que se nota cuando la calidad se hace con cuidado y se repite bien, una y otra vez.

#PapasRellenas #EmpanadasPereira #ComidaColombiana #HacerEmpanadas #NegocioDeEmpanadas #FabricaEmpanadas #EquiposParaCocina #EmprenderRestaurante #IdeasDeNegocio",22,"01/26/2026 03:00",https://www.instagram.com/reel/DT-LA2uE1rl/,"Reel de Instagram",,Total,5683,4188,52,25,5,4,18
17865063231477974,17841401399780830,maquiempanadas,"Máquina de empanadas - Maquiempanadas","🎯 ¿Sabe cuánta plata pierde cuando no está en la fábrica?

La primera máquina de empanadas que le avisa todo lo que pasa, aunque no esté.
Muchos producen a ciegas y se enteran tarde de los errores.

📡 Esta máquina le envía información en tiempo real:
✅ Cuántas empanadas ha hecho
✅ Producción por hora y por operador
✅ Si se detiene o tiene algún problema
✅ Reportes para tomar mejores decisiones

🎉 ¡Lanzamos la nueva CM05i!

🚫 Se acabaron las adivinanzas.
📊 Ahora tiene el control, así esté en otra ciudad.

👉 Esta máquina no solo hace empanadas.
Le ayuda a hacer crecer su negocio.

📞 Agende su demo personalizada hoy mismo.

#CM05i #Maquiempanadas #MaquinaDeEmpanadas #LanzamientoOficial #EmpanadasAutomáticas #TecnologíaParaSuNegocio #ProducciónEficiente #NegocioRentable",42,"01/19/2026 12:45",https://www.instagram.com/reel/DTtMUJfjtTG/,"Reel de Instagram",,Total,13277,14905,224,96,74,66,54
18090480928816889,17841401399780830,maquiempanadas,"Máquina de empanadas - Maquiempanadas","Desde Valledupar hasta Manizales 🚐🥟
Hay viajes que se hacen para mirar, y otros para entender mejor el camino.

La visita de @empanadaselarranque nos recuerda que lo importante no es solo ver equipos en funcionamiento,
sino comprender cómo una receta puede organizarse, escalarse y sostenerse cuando el objetivo es producir en volumen sin perder calidad.

Aquí el tiempo se aprovecha para probar, conversar, resolver dudas
y mirar el negocio con otra perspectiva: procesos, rendimientos y posibilidades reales.

Nuestra fábrica es una casa abierta todo el año.
Agenda tu cita, ven con tu idea o tu receta, porque verlo con tus propios ojos hace que todo cobre sentido.

#Empanadas #EmpanadasColombia #MaquinaDeEmpanadas #MaquinaDeArepas #MaquinaDePatacones #IdeasDeNegocioColombia #EmprendedoresColombia #ComidaValledupar",75,"01/15/2026 14:49",https://www.instagram.com/reel/DTjHXZ-kXGe/,"Reel de Instagram",,Total,3769,2929,39,4,17,12,6
18052631606426175,17841401399780830,maquiempanadas,"Máquina de empanadas - Maquiempanadas","Esa es la sonrisa de quien confirma que el viaje valió la pena. 😊

Hoy recibimos con mucha alegría a Empanadas Las Picadoras @laspicadoras, que vinieron desde Pasto hasta Manizales para vivir la experiencia Maquiempanadas.

Gracias por confiar, por madrugar, por compartir su tradición empanadera y por regalarnos el tiempo de conocernos a fondo.

Nos encanta cuando nos visitan, porque esta es nuestra casa:
el lugar donde los sueños de masa empiezan a cocinarse… o a freírse 🥟🔥 

Aquí pueden ver todas las máquinas en funcionamiento, hacer pruebas reales, resolver dudas con calma y conversar de negocios, procesos y su futuro con todo nuestro equipo.

La Feria ya pasó, pero nuestras puertas están abiertas todo el año.

Y si vienes a Manizales, siempre es buen momento para conocer la ciudad que nos inspira, recorrerla sin afán y, de paso, darle forma a tu proyecto.

Agenda tu cita y ven a vivirlo tú también.

#EmpanadasPasto #EmprendiemientoLatino #VenderEmpanadas #IdeaDeNegocioDeComida #IdeaDeRestaurante #VenderComidaRapida #MaquinaParaEmpanadas #VentaDeEmpanadas #VentaDeArepas #VentaDePatacones",0,"01/13/2026 14:00",https://www.instagram.com/p/DTd4PBrEujF/,"Imagen de Instagram",,Total,3594,2338,12,2,0,3,0
18141320131466001,17841401399780830,maquiempanadas,"Máquina de empanadas - Maquiempanadas","Así se vivió nuestro Demo en vivo en Manizales 🙌🥟

Gente en la fábrica, preguntas reales, empanadas hechas en el momento y datos claros sobre procesos y resultados.

Gracias a quienes asistieron de forma presencial y a quienes se conectaron virtualmente para vivir esta experiencia con nosotros.

En Maquiempanadas creemos en mostrar, no solo contar: que veas cómo funciona la máquina, cómo produce y cómo puede adaptarse a tu receta y a tu negocio.

Recuerda que las puertas de nuestra fábrica siempre están abiertas para que vivas la experiencia Maquiempanadas, resuelvas tus dudas y tomes decisiones con seguridad.

Agenda tu visita y ven a comprobarlo por ti mismo.

¡Gracias #Manizales! 💛
Seguimos rodando empanadas y sueños.

#FeriaDeManizales #Empanadas #EmpanadasManizales #EmpanadasColombia #EmprendimientoDeEmpandas #MaquinaEmpanadas #MaquinaParaArepas #MaquinaPatacones #Negocios2026 #IdeasDeNegocio",44,"01/11/2026 07:52",https://www.instagram.com/reel/DTYEe18EmJF/,"Reel de Instagram",,Total,2923,2301,16,2,1,2,2
18068487122166111,17841401399780830,maquiempanadas,"Máquina de empanadas - Maquiempanadas","🎁 Si asististe a la feria, recuerda que aún puedes reclamar tu bono de $500.000.

Y si no pudiste venir, no te preocupes: Manizales es la ciudad de las puertas abiertas… y las nuestras también lo están.Nuestra fábrica sigue abierta para que agendes tu cita y recibas una asesoría personalizada.

🌄 Con este atardecer en el Ecoparque Los Yarumos, junto al pianista y la ciudad de fondo, cerramos nuestro tour en Manizales.
Gracias a todos los que se acercaron, prepararon empanadas con nosotros y comprobaron con sus propios ojos cómo los datos, la técnica y la receta correcta pueden transformar un negocio.

Esperamos que esta experiencia haya sido enriquecedora, que hayas despejado tus dudas y que este sí sea el año en el que lleves a la realidad todo lo que has planeado una y otra vez. ✨📊

¡Que viva la Feria!
¡Que viva Maquiempanadas!
¡OLÉ! 🧣🤠🎉

#FeriaDeManizales #EmpanadasEjeCafetero #AtardecerManizales #MaquinaDeHacerEmpanadas #NegocioEmpandas #EmpanadasManizales #Emprendimientos2026 #EmprendimientoEmpanadas",0,"01/10/2026 15:26",https://www.instagram.com/p/DTWTrS1kk7X/,"Imagen de Instagram",,Total,2988,2019,9,0,0,0,0
18325228543173541,17841401399780830,maquiempanadas,"Máquina de empanadas - Maquiempanadas","En nuestras demos en vivo",119,"01/08/2026 11:26",https://www.instagram.com/reel/DTQukA0EYUt/,"Reel de Instagram",,Total,3099,2335,36,9,6,6,6
18045337229499260,17841401399780830,maquiempanadas,"Máquina de empanadas - Maquiempanadas","🔥 ¡ÚLTIMO DÍA! 🔥

Las empanadas ya se tomaron la Torre del Cable…
y hoy es tu última oportunidad para dejar de producir a ciegas y empezar a tomar decisiones con datos reales.

Hoy cerramos demostraciones en vivo de una máquina conectada a internet, pensada para negocios que quieren crecer en serio.

En tiempo real podrás ver:
📊 cuántas empanadas produce tu receta por hora
⏱️ cuánto tiempo trabaja realmente la máquina
💰 cuánta ganancia genera en el día
⚠️ alertas si el rendimiento baja o la producción se detiene

Aunque no estés en la planta, lo ves todo desde tu celular o computador.
Recibes reportes automáticos y avisos cuando algo no está funcionando como debería.

Antes solo se contaban empanadas.
Hoy se controla la eficiencia completa del negocio.

Primero probamos tu receta en vivo.
Luego miramos los datos.
Y cerramos el día celebrando la Feria de Manizales, como se merece 🧣🤠🎉

📅 Hoy, último día – 8 de enero
✍️ Escríbenos y agenda tu espacio

📍 Carrera 34 No. 64-24 – Manizales
⏰ 9:00 a.m. – 4:00 p.m.

#Manizales #EjeCafetero #Empanadas #ComidaManizales #FeriasDeManizales #NegocioEmpanadas #EmpanadasManizales #FabricaEmpanadas #MaquinaParaHacerEmpanada",0,"01/08/2026 03:53",https://www.instagram.com/p/DTP6zcuj7m_/,"Imagen de Instagram",,Total,2804,1852,6,0,0,2,0
18492475318072813,17841401399780830,maquiempanadas,"Máquina de empanadas - Maquiempanadas","🔥 ¡ES HOY! 🔥
La empanada ya llegó a la Torre del Chipre… pero hoy no venimos solo a verla salir bonita.
Venimos a medir, controlar y convertir producción en dinero real.
Con nuestra máquina conectada a internet podrás ver en tiempo real:
📊 cuántas empanadas produce por hora
⏱️ cuántas horas trabaja de verdad
💰 cuánta ganancia genera por hora y en el día
⚠️ alertas si la máquina se detiene o baja el rendimiento
Si no estás en la planta, igual lo ves todo desde tu celular o computador.
La máquina te envía reportes automáticos por correo y te avisa cuando algo no está bien.
Antes solo se contaban empanadas.
Ahora se controla la eficiencia completa del negocio.
Primero probamos tu receta en vivo.
Luego miramos los datos.
Y después celebramos la Feria, como se merece 🧣🤠🎉
📅 Hoy 7 y mañana 8 de enero
✍️ Escríbenos y agenda tu cita
📍 Carrera 34 No. 64-24 – Manizales
⏰ 9:00 a.m. – 4:00 p.m.
#FeriaManizales #EmpanadasManizales #Maquiempanadas #EmprendedoresManizales #IndustriaDeAlimentos #TecnologiaParaNegocios #ManizalesEmprende",0,"01/07/2026 12:41",https://www.instagram.com/p/DTOSYpmE5Z6/,"Imagen de Instagram",,Total,1978,1318,6,0,0,0,0
18068671127388978,17841401399780830,maquiempanadas,"Máquina de empanadas - Maquiempanadas","Conoce la máquina nueva en vivo!!

Acá los espero esperamos.",105,"01/07/2026 07:30",https://www.instagram.com/reel/DTNu0gBDQSO/,"Reel de Instagram",,Total,5343,3975,68,26,4,4,23
17936188421996270,17841401399780830,maquiempanadas,"Máquina de empanadas - Maquiempanadas","⏰ ¡FALTA 1 DÍA!

Ya nos pusimos el poncho y el sombrero para alistar todo y recibirte en Manizales, la fábrica de atardeceres 🌄🧣🤠

Ven, invierte y rematemos en la Feria de Manizales la decisión que hará de este el año en el que todo aumenta:
las ventas, la rentabilidad, los puntos de venta y la calidad de tus productos 📈✨

Con Maquiempanadas probamos tu receta, medimos datos reales y le ponemos números claros a tu negocio.

Agéndate, empaca tu masa y hagamos empanadas juntos. Este puede ser el comienzo de un crecimiento que se siente y se celebra 🥟🔥

📍 Carrera 34 No. 64-24 – Manizales
🗓️ 7 y 8 de enero
⏰ 9:00 a.m. – 4:00 p.m.

#FeriaManizales #ComidaManizales #VentasManizales #EmpanadasPereira #ManizalesEprende #ExposicionManizales #EmprendedoresManizales #EmpandasManizales #MaquinaDeHacerEmpandas #ManizalesDelAlma",0,"01/06/2026 04:40",https://www.instagram.com/p/DTK2i1kGH7v/,"Imagen de Instagram",,Total,2604,1772,9,1,0,0,0
18061496465301183,17841401399780830,maquiempanadas,"Máquina de empanadas - Maquiempanadas","¿Estás en Colombia y vas con toda este año con tu negocio de empanadas, arepas, patacones o pandebonos?
Entonces este espacio es para ti 🙌🥟

Te invitamos a vivir la Feria de Manizales y a darte la pasadita este 7 y 8 de enero para conocer, analizar y probar tu receta en nuestra nueva máquina.

Durante la prueba podrás ver y evaluar en tiempo real, cuanto rinde la maquina con tu masa y en cuanto recuperas tu inversión.

Agéndate y te esperamos.

Queremos conocer tu proyecto porque los negocios bien hechos se piensan con calma: poncho al hombro, sombrero bien puesto y visión clara. 🧣🤠✨

📍 Carrera 34 No. 64-24 – Manizales
🗓️ 7 y 8 de enero | 9:00 a.m. – 4:00 p.m.

#Maquiempanadas #Empanadas #NegociosDeComida #EmpanadasColombianas #FeriaDeManizales #FoodBusiness #InversionesRestaurantes #IdeasDeNegocio #MaquinaDeHacerEmpanadas #ComidaManizales",0,"01/05/2026 17:19",https://www.instagram.com/p/DTJon1uklEu/,"Imagen de Instagram",,Total,2647,1721,7,1,0,0,1
18065018849551254,17841401399780830,maquiempanadas,"Máquina de empanadas - Maquiempanadas","🎶 Esto sí es cuestión de pandebono…

Porque en el mundo de la masa hay magia:
queso, almidón, calor, técnica… y mil posibilidades más esperando ser moldeadas. 🌍🥟

Calientico, con queso, con ese corazón de masa que cruje por fuera y abraza por dentro.

Ese panecito de queso que más de uno ha pensado alguna vez:
“¿y si esto fuera mi negocio?” 😌✨

Del sabor casero… a la producción bien hecha.
De un antojo… a un sueño que se puede construir. 💭🔥

#Pandebono #NegociosDeComida #VentaPandebono #FoodBusiness #MaquinaPandebono #VentaPandebono #PanaderiaColombiana #IdeasDeNegocio2026",28,"01/04/2026 07:01",https://www.instagram.com/reel/DTF9GKtjRJd/,"Reel de Instagram",,Total,5831,4283,37,10,6,5,15
