fecha,endpoint,target,location_code,language_code,cost_usd,archivo
2026-09-20,dataforseo_labs/google/domain_rank_overview/live,maquiempanadas.com,2840,en,0.01212,rank_overview_maquiempanadas_com.json
2026-09-20,dataforseo_labs/google/domain_rank_overview/live,maquiempanadas.com,2170,es,0.01212,rank_overview_maquiempanadas_com_co.json
2026-09-28,dataforseo_labs/google/domain_rank_overview/live,maquiempanadas.com,2724,es,0.01212,rank_overview_maquiempanadas_com_es.json
2026-09-20,dataforseo_labs/google/domain_rank_overview/live,adlovermaquinas.com,2170,es,0.01212,rank_overview_adlovermaquinas_com_col.json
2026-09-20,dataforseo_labs/google/domain_rank_overview/live,adlovermaquinas.com,2840,en,0.01212,rank_overview_adlovermaquinas_com_usa.json
2026-09-20,dataforseo_labs/google/domain_rank_overview/live,ankofood.com,2840,en,0.01212,rank_overview_ankofood_com.json
2026-09-20,dataforseo_labs/google/domain_rank_overview/live,ferrero-machines.com,2840,en,0.01212,rank_overview_ferrero-machines_com.json
2026-09-20,dataforseo_labs/google/ranked_keywords/live,maquiempanadas.com,2840,en,0.01560,ranked_kw_maquiempanadas_usa.json
2026-09-20,dataforseo_labs/google/ranked_keywords/live,ankofood.com,2840,en,0.01560,ranked_kw_ankofood.json
2026-09-28,dataforseo_labs/google/ranked_keywords/live,maquiempanadas.com,2724,es,0.01620,ranked_kw_maquiempanadas_es.json
2026-09-20,keywords_data/google_ads/search_volume/live,30 keywords,2840,es,0.09000,volume_usa_es.json
2026-09-20,keywords_data/google_ads/search_volume/live,30 keywords,2840,en,0.09000,volume_usa_en.json
2026-09-20,keywords_data/google_ads/search_volume/live,30 keywords,2170,es,0.09000,volume_col_es.json
2026-09-28,keywords_data/google_ads/search_volume/live,30 keywords,2724,es,0.09000,volume_es_es.json
2026-09-20,serp/google/organic/live/advanced,maquina para hacer empanadas,2840,es,0.00400,serp_maquina_para_hacer_empanadas.json
2026-09-20,serp/google/organic/live/advanced,empanada machine,2840,en,0.00400,serp_empanada_machine.json
2026-09-20,serp/google/organic/live/advanced,empanada press,2840,en,0.00400,serp_empanada_press.json
2026-09-20,serp/google/organic/live/advanced,arepa maker machine,2840,en,0.00400,serp_arepa_maker_machine.json
2026-09-20,serp/google/organic/live/advanced,batch USA SERPs,2840,mixed,0.00400,serps_usa.json
2026-09-20,serp/google/organic/live/advanced,visual data SERPs,2840,mixed,0.00000,serps_visual_data.json
2026-09-20,dataforseo_labs/google/ranked_keywords/live,adlovermaquinas.com,2170,es,0.01440,ranked_kw_adlovermaquinas_com_col.json
2026-09-28,serp/google/organic/live/advanced,laminadora de masa,2724,es,0.00400,serps_espana.json
2026-09-28,serp/google/organic/live/advanced,maquina para hacer empanadas,2724,es,0.00400,serps_espana.json
2026-09-28,serp/google/organic/live/advanced,maquina para hacer arepas,2724,es,0.00400,serps_espana.json
2026-09-28,serp/google/organic/live/advanced,molde para empanadillas,2724,es,0.00400,serps_espana.json
2026-09-28,serp/google/organic/live/advanced,arepa machine,2724,es,0.00400,serps_espana.json
2026-09-28,keywords_data/google_ads/search_volume/live,30 keywords,2032,es,0.09000,volume_ar_es.json
2026-09-28,keywords_data/google_ads/search_volume/live,30 keywords,2484,es,0.09000,volume_mx_es.json
2026-09-28,dataforseo_labs/google/domain_rank_overview/live,maquiempanadas.com,2032,es,0.01212,rank_overview_maquiempanadas_com_ar.json
2026-09-28,dataforseo_labs/google/domain_rank_overview/live,maquiempanadas.com,2484,es,0.01212,rank_overview_maquiempanadas_com_mx.json
2026-09-28,dataforseo_labs/google/serp_competitors/live,5 keywords AR,2032,es,0.01440,serp_competitors_ar.json
2026-09-28,dataforseo_labs/google/serp_competitors/live,5 keywords MX,2484,es,0.01440,serp_competitors_mx.json
2026-09-28,dataforseo_labs/google/domain_rank_overview/live,empatec.com.ar,2032,es,0.01212,rank_overview_empatec_com_ar_ar.json
2026-09-28,dataforseo_labs/google/domain_rank_overview/live,industriaromano.com.ar,2032,es,0.01212,rank_overview_industriaromano_com_ar_ar.json
2026-09-28,dataforseo_labs/google/domain_rank_overview/live,monv.com.ar,2032,es,0.01212,rank_overview_monv_com_ar_ar.json
2026-09-28,dataforseo_labs/google/domain_rank_overview/live,foxsteel.com.mx,2484,es,0.01212,rank_overview_foxsteel_com_mx_mx.json
2026-09-28,dataforseo_labs/google/domain_rank_overview/live,zonachef.com.mx,2484,es,0.01212,rank_overview_zonachef_com_mx_mx.json
2026-09-28,dataforseo_labs/google/domain_rank_overview/live,gruenn.com.co,2170,es,0.01212,rank_overview_gruenn_com_co_co.json
2026-09-28,dataforseo_labs/google/domain_rank_overview/live,ingeneumatica.com,2170,es,0.01212,rank_overview_ingeneumatica_com_co.json
2026-09-28,dataforseo_labs/google/domain_rank_overview/live,italgi.com,2724,es,0.01212,rank_overview_italgi_com_es.json
2026-09-28,dataforseo_labs/google/domain_rank_overview/live,bralyx.com,2076,pt,0.01212,rank_overview_bralyx_com_br.json
2026-09-28,dataforseo_labs/google/domain_rank_overview/live,bralyx.com,2032,es,0.01212,rank_overview_bralyx_com_ar.json
2026-09-28,dataforseo_labs/google/domain_rank_overview/live,bralyx.com,2170,es,0.01212,rank_overview_bralyx_com_co.json
2026-09-28,dataforseo_labs/google/domain_rank_overview/live,bralyx.com,2840,es,0.01212,rank_overview_bralyx_com_usa.json
# TOTAL,,,,,,0.92512,
# RESTANTE (techo $15.50),,,,,,14.57488,